<component name="ProjectRunConfigurationManager">
  <configuration default="false" name="#2 pre-process NER values  (train)" type="PythonConfigurationType" factoryName="Python" folderName="preprocessing TRAIN">
    <module name="proton" />
    <option name="INTERPRETER_OPTIONS" value="" />
    <option name="PARENT_ENVS" value="true" />
    <envs>
      <env name="PYTHONUNBUFFERED" value="1" />
    </envs>
    <option name="SDK_HOME" value="$USER_HOME$/.local/share/virtualenvs/proton-2oP9uAK9/bin/python" />
    <option name="WORKING_DIRECTORY" value="$PROJECT_DIR$" />
    <option name="IS_MODULE_SDK" value="false" />
    <option name="ADD_CONTENT_ROOTS" value="true" />
    <option name="ADD_SOURCE_ROOTS" value="true" />
    <EXTENSION ID="PythonCoverageRunConfigurationExtension" runner="coverage.py" />
    <option name="SCRIPT_NAME" value="$PROJECT_DIR$/src/named_entity_recognition/pre_process_ner_values.py" />
    <option name="PARAMETERS" value="--data_path=data/spider/preprocessed_train.json --ner_data_path=data/spider/ner_train.json --output_path=data/spider/preprocessed_with_values_train.json" />
    <option name="SHOW_COMMAND_LINE" value="false" />
    <option name="EMULATE_TERMINAL" value="false" />
    <option name="MODULE_MODE" value="false" />
    <option name="REDIRECT_INPUT" value="false" />
    <option name="INPUT_FILE" value="" />
    <method v="2" />
  </configuration>
</component>