<component name="ProjectRunConfigurationManager">
  <configuration default="false" name="Convert Word Embeddings to Binary" type="PythonConfigurationType" factoryName="Python" folderName="Tools">
    <module name="proton" />
    <option name="INTERPRETER_OPTIONS" value="" />
    <option name="PARENT_ENVS" value="true" />
    <envs>
      <env name="PYTHONUNBUFFERED" value="1" />
    </envs>
    <option name="SDK_HOME" value="" />
    <option name="WORKING_DIRECTORY" value="$PROJECT_DIR$/src/helpers" />
    <option name="IS_MODULE_SDK" value="true" />
    <option name="ADD_CONTENT_ROOTS" value="true" />
    <option name="ADD_SOURCE_ROOTS" value="true" />
    <EXTENSION ID="PythonCoverageRunConfigurationExtension" runner="coverage.py" />
    <option name="SCRIPT_NAME" value="$PROJECT_DIR$/src/helpers/convert_glove_word_embeddings_to_binary.py" />
    <option name="PARAMETERS" value="--embedding_text_file=$PROJECT_DIR$/pretrained_models/glove.dummy.300d" />
    <option name="SHOW_COMMAND_LINE" value="false" />
    <option name="EMULATE_TERMINAL" value="false" />
    <option name="MODULE_MODE" value="false" />
    <option name="REDIRECT_INPUT" value="false" />
    <option name="INPUT_FILE" value="" />
    <method v="2" />
  </configuration>
</component>