<component name="ProjectRunConfigurationManager">
  <configuration default="false" name="evaluate" type="PythonConfigurationType" factoryName="Python">
    <module name="proton" />
    <option name="INTERPRETER_OPTIONS" value="" />
    <option name="PARENT_ENVS" value="true" />
    <envs>
      <env name="PYTHONUNBUFFERED" value="1" />
    </envs>
    <option name="SDK_HOME" value="$USER_HOME$/.local/share/virtualenvs/proton-2oP9uAK9/bin/python" />
    <option name="WORKING_DIRECTORY" value="$PROJECT_DIR$" />
    <option name="IS_MODULE_SDK" value="false" />
    <option name="ADD_CONTENT_ROOTS" value="true" />
    <option name="ADD_SOURCE_ROOTS" value="true" />
    <EXTENSION ID="PythonCoverageRunConfigurationExtension" runner="coverage.py" />
    <option name="SCRIPT_NAME" value="$PROJECT_DIR$/src/evaluation.py" />
    <option name="PARAMETERS" value="--model_to_load=experiments/ner_values_best/best_model.pt --prediction_dir experiments/prediction --cuda --beam_size 1 --seed 90 --embed_size 300 --column_pointer --hidden_size 300 --att_vec_size 300" />
    <option name="SHOW_COMMAND_LINE" value="false" />
    <option name="EMULATE_TERMINAL" value="true" />
    <option name="MODULE_MODE" value="false" />
    <option name="REDIRECT_INPUT" value="false" />
    <option name="INPUT_FILE" value="" />
    <method v="2" />
  </configuration>
</component>