<component name="ProjectRunConfigurationManager">
  <configuration default="false" name="train DGX" type="PythonConfigurationType" factoryName="Python" folderName="Remote Debugging">
    <module name="proton" />
    <option name="INTERPRETER_OPTIONS" value="" />
    <option name="PARENT_ENVS" value="true" />
    <envs>
      <env name="PYTHONUNBUFFERED" value="1" />
    </envs>
    <option name="SDK_HOME" value="sftp://root@localhost:8888/opt/conda/bin/python" />
    <option name="WORKING_DIRECTORY" value="$PROJECT_DIR$" />
    <option name="IS_MODULE_SDK" value="false" />
    <option name="ADD_CONTENT_ROOTS" value="true" />
    <option name="ADD_SOURCE_ROOTS" value="true" />
    <EXTENSION ID="PythonCoverageRunConfigurationExtension" runner="coverage.py" />
    <option name="SCRIPT_NAME" value="$PROJECT_DIR$/src/main.py" />
    <option name="PARAMETERS" value="--exp_name ner_values --cuda --batch_size 20 --num_epochs 30 --loss_epoch_threshold 20 --sketch_loss_weight 1.0 --beam_size 1 --seed 90" />
    <option name="SHOW_COMMAND_LINE" value="false" />
    <option name="EMULATE_TERMINAL" value="true" />
    <option name="MODULE_MODE" value="false" />
    <option name="REDIRECT_INPUT" value="false" />
    <option name="INPUT_FILE" value="" />
    <method v="2" />
  </configuration>
</component>